com.jakewharton.fliptables:fliptables:jar:1.0.2:compile,Apache v2,https://github.com/JakeWharton/flip-tables
org.jboss.aesh:aesh:jar:0.66.19:compile,Apache v2,https://github.com/aeshell/aesh
org.objenesis:objenesis:jar:1.2:compile,Apache v2,http://objenesis.org/
org.objenesis:objenesis:jar:2.1:compile,Apache v2,http://objenesis.org/
org.ow2.asm:asm:jar:4.1:compile,BSD,http://asm.ow2.org/
org.ow2.asm:asm:jar:5.0.3:compile,BSD,http://asm.ow2.org/
org.ow2.asm:asm:jar:5.0.4:compile,BSD,http://asm.ow2.org/
org.reflections:reflections:jar:0.9.10:compile,BSD,https://github.com/ronmamo/reflections
org.javassist:javassist:jar:3.19.0-GA:compile,Apache v2,https://github.com/jboss-javassist/javassist
org.javassist:javassist:jar:3.17.1-GA:compile,Apache v2,https://github.com/jboss-javassist/javassist
org.javassist:javassist:jar:3.20.0-GA:compile,Apache v2,https://github.com/jboss-javassist/javassist
org.fusesource.jansi:jansi:jar:1.11:compile,Apache v2,https://github.com/fusesource/jansi
de.javakaffee:kryo-serializers:jar:0.38:compile,Apache v2,https://github.com/magro/kryo-serializers
com.tdunning:t-digest:jar:3.1:compile,Apache v2,https://github.com/tdunning/t-digest
com.esotericsoftware:kryo:jar:3.0.3:compile,New BSD License,http://code.google.com/p/kryo
com.esotericsoftware:kryo-shaded:jar:3.0.3:compile,New BSD License,http://code.google.com/p/kryo
com.esotericsoftware.kryo:kryo:jar:2.21:compile,New BSD License,http://code.google.com/p/kryo/
com.esotericsoftware.minlog:minlog:jar:1.2:compile,New BSD License,http://code.google.com/p/minlog/
com.esotericsoftware.minlog:minlog:jar:1.3.0:compile,New BSD License,http://code.google.com/p/minlog/
com.esotericsoftware:minlog:jar:1.3.0:compile,New BSD License,http://code.google.com/p/minlog/
com.esotericsoftware:reflectasm:jar:1.10.1:compile,New BSD License,http://code.google.com/p/minlog/
com.flipkart.zjsonpatch:zjsonpatch:jar:0.3.4:compile,Apache v2, https://github.com/flipkart-incubator/zjsonpatch
com.google.protobuf:protobuf-java:jar:2.5.0:compile,New BSD license,http://code.google.com/p/protobuf
com.google.protobuf:protobuf-java:jar:2.6.1:compile,New BSD license,http://code.google.com/p/protobuf
com.google.protobuf:protobuf-java:jar:3.1.0:compile,New BSD license,http://code.google.com/p/protobuf
com.jcraft:jsch:jar:0.1.42:compile,BSD,http://www.jcraft.com/jsch/
com.jayway.jsonpath:json-path:jar:2.3.0:compile,Apache v2,https://github.com/json-path/JsonPath
com.jayway.jsonpath:json-path:jar:2.4.0:compile,Apache v2,https://github.com/json-path/JsonPath
net.minidev:accessors-smart:jar:1.2:compile,Apache v2,https://github.com/netplex/json-smart-v2
net.minidev:json-smart:jar:2.3:compile,Apache v2,https://github.com/netplex/json-smart-v2
com.maxmind.db:maxmind-db:jar:1.2.1:compile,CC-BY-SA 3.0,https://github.com/maxmind/MaxMind-DB
com.maxmind.geoip2:geoip2:jar:2.8.0:compile,Apache v2,https://github.com/maxmind/GeoIP2-java
com.sun.xml.bind:jaxb-impl:jar:2.2.3-1:compile,CDDL,http://jaxb.java.net/
com.sun.xml.bind:jaxb-impl:jar:2.2.5-2:compile,CDDL,http://jaxb.java.net/
com.twitter:jsr166e:jar:1.1.0:compile,CC0 1.0 Universal,http://github.com/twitter/jsr166e
com.twitter:chill-java:jar:0.8.4:compile,ASLv2,https://github.com/twitter/chill
com.twitter:chill_2.11:jar:0.8.4:compile,ASLv2,https://github.com/twitter/chill
it.unimi.dsi:fastutil:jar:7.0.6:compile,ASLv2,https://github.com/vigna/fastutil
javassist:javassist:jar:3.12.1.GA:compile,Apache v2,http://www.javassist.org/
javax.activation:activation:jar:1.1:compile,Common Development and Distribution License (CDDL) v1.0,http://java.sun.com/products/javabeans/jaf/index.jsp
javax.activation:activation:jar:1.1.1:compile,Common Development and Distribution License (CDDL) v1.0,http://java.sun.com/products/javabeans/jaf/index.jsp
javax.annotation:jsr250-api:jar:1.0:compile,COMMON DEVELOPMENT AND DISTRIBUTION LICENSE (CDDL) Version 1.0,http://jcp.org/aboutJava/communityprocess/final/jsr250/index.html
javax.annotation:javax.annotation-api:jar:1.3.2:compile,CDDL 1.1,https://github.com/javaee/javax.annotation/
javax.annotation:javax.annotation-api:jar:1.2:compile,CDDL 1.1,https://github.com/javaee/javax.annotation/
javax.mail:mail:jar:1.4:compile,Common Development and Distribution License (CDDL) v1.0,https://glassfish.dev.java.net/javaee5/mail/
javax.servlet:javax.servlet-api:jar:3.1.0:compile,CDDL,http://servlet-spec.java.net
javax.ws.rs:javax.ws.rs-api:jar:2.0.1:compile,CDDL 1.1,https://github.com/jax-rs/api
javax.xml.bind:jaxb-api:jar:2.2.11:compile,CDDL,http://jaxb.java.net/
javax.xml.bind:jaxb-api:jar:2.2.2:compile,CDDL,https://jaxb.dev.java.net/
javax.xml.bind:jaxb-api:jar:2.3.0:compile,CDDL,https://jaxb.dev.java.net/
javax.xml.stream:stax-api:jar:1.0-2:compile,COMMON DEVELOPMENT AND DISTRIBUTION LICENSE (CDDL) Version 1.0,https://docs.oracle.com/javase/7/docs/api/javax/xml/stream/package-summary.html
jline:jline:jar:0.9.94:compile,BSD,http://jline.sourceforge.net
junit:junit:jar:4.12:compile,Eclipse Public License 1.0,http://junit.org
junit:junit:jar:4.4:compile,Common Public License Version 1.0,http://junit.org
net.razorvine:pyrolite:jar:4.13:compile,MIT,https://github.com/irmen/Pyrolite
net.sf.jopt-simple:jopt-simple:jar:3.2:compile,The MIT License,http://jopt-simple.sourceforge.net
net.sf.jopt-simple:jopt-simple:jar:4.6:compile,The MIT License,http://jopt-simple.sourceforge.net
net.sf.jopt-simple:jopt-simple:jar:4.9:compile,The MIT License,http://jopt-simple.sourceforge.net
net.sf.saxon:Saxon-HE:jar:9.5.1-5:compile,Mozilla Public License Version 2.0,http://www.saxonica.com/
org.abego.treelayout:org.abego.treelayout.core:jar:1.0.1:compile,BSD 3-Clause "New" or "Revised" License (BSD-3-Clause),http://code.google.com/p/treelayout/
org.adrianwalker:multiline-string:jar:0.1.2:compile,Common Public License Version 1.0,https://github.com/benelog/multiline
org.antlr:antlr4-runtime:jar:4.5:compile,BSD 3-Clause License,http://www.antlr.org
org.bouncycastle:bcprov-jdk15on:jar:1.52:compile,MIT,https://www.bouncycastle.org/license.html
org.clojure:clojure:jar:1.6.0:compile,Eclipse Public License 1.0,http://clojure.org/
org.clojure:clojure:jar:1.7.0:compile,Eclipse Public License 1.0,http://clojure.org/
org.codehaus.jackson:jackson-jaxrs:jar:1.8.3:compile,Apache v2,http://jackson.codehaus.org
org.codehaus.jackson:jackson-jaxrs:jar:1.9.13:compile,Apache v2,http://jackson.codehaus.org
org.codehaus.jackson:jackson-xc:jar:1.8.3:compile,Apache v2,http://jackson.codehaus.org
org.codehaus.jackson:jackson-xc:jar:1.9.13:compile,Apache v2,http://jackson.codehaus.org
org.codehaus.janino:commons-compiler:jar:3.0.8:compile,New BSD,https://github.com/janino-compiler/janino
org.codehaus.janino:janino:jar:3.0.8:compile,New BSD,https://github.com/janino-compiler/janino
org.codehaus.woodstox:stax2-api:jar:3.1.4:compile,The BSD License,http://wiki.fasterxml.com/WoodstoxStax2
org.json4s:json4s-ast_2.11:jar:3.2.11:compile,ASLv2,https://github.com/json4s/json4s
org.json4s:json4s-core_2.11:jar:3.2.11:compile,ASLv2,https://github.com/json4s/json4s
org.json4s:json4s-jackson_2.11:jar:3.2.11:compile,ASLv2,https://github.com/json4s/json4s
org.jruby.jcodings:jcodings:jar:1.0.8:compile,MIT License,https://github.com/jruby/jcodings
org.jruby.joni:joni:jar:2.1.2:compile,MIT License,https://github.com/jruby/joni
org.lz4:lz4-java:jar:1.4.0:compile,ASLv2,https://github.com/lz4/lz4-java
org.mitre.taxii:taxii:jar:1.1.0.1:compile,The BSD 3-Clause License,https://github.com/TAXIIProject/java-taxii
org.mitre:stix:jar:1.2.0.2:compile,The BSD 3-Clause License,https://github.com/STIXProject/java-stix
org.mockito:mockito-core:jar:1.10.19:compile,The MIT License,http://www.mockito.org
org.roaringbitmap:RoaringBitmap:jar:0.5.11:compile,ASLv2,https://github.com/RoaringBitmap/RoaringBitmap
org.scala-lang:scala-library:jar:2.10.6:compile,BSD-like,http://www.scala-lang.org/
org.scala-lang.modules:scala-parser-combinators_2.11:jar:1.0.4:compile,BSD-like,http://www.scala-lang.org/
org.scala-lang.modules:scala-xml_2.11:jar:1.0.1:compile,BSD-like,http://www.scala-lang.org/
org.scala-lang:scala-compiler:jar:2.11.0:compile,BSD-like,http://www.scala-lang.org/
org.scala-lang:scala-library:jar:2.11.8:compile,BSD-like,http://www.scala-lang.org/
org.scala-lang:scala-reflect:jar:2.11.8:compile,BSD-like,http://www.scala-lang.org/
org.scala-lang:scalap:jar:2.11.0:compile,BSD-like,http://www.scala-lang.org/
oro:oro:jar:2.0.8:compile,ASLv2,http://attic.apache.org/projects/jakarta-oro.html
xmlenc:xmlenc:jar:0.52:compile,The BSD License,http://xmlenc.sourceforge.net
asm:asm:jar:3.1:compile,BSD,http://asm.ow2.org/
com.sun.jersey.contribs:jersey-guice:jar:1.9:compile,CDDL 1.1,https://jersey.java.net/
com.sun.jersey:jersey-client:jar:1.9:compile,CDDL 1.1,https://jersey.java.net/
com.sun.jersey:jersey-core:jar:1.9:compile,CDDL 1.1,https://jersey.java.net/
com.sun.jersey:jersey-json:jar:1.9:compile,CDDL 1.1,https://jersey.java.net/
com.sun.jersey:jersey-server:jar:1.9:compile,CDDL 1.1,https://jersey.java.net/
com.thoughtworks.paranamer:paranamer:jar:2.3:compile,BSD,https://github.com/paul-hammant/paranamer
javax.servlet.jsp:jsp-api:jar:2.1:runtime,CDDL,http://oracle.com
javax.servlet.jsp:jsp-api:jar:2.1:compile,CDDL,http://oracle.com
javax.servlet:servlet-api:jar:2.5:compile,CDDL,http://oracle.com
net.jcip:jcip-annotations:jar:1.0:compile,Public,http://jcip.net/
org.codehaus.jettison:jettison:jar:1.1:compile,ASLv2,https://github.com/codehaus/jettison
org.fusesource.leveldbjni:leveldbjni-all:jar:1.8:compile,BSD 3-clause,https://github.com/fusesource/leveldbjni
org.hamcrest:hamcrest-core:jar:1.1:runtime,BSD 2-clause,http://hamcrest.org/JavaHamcrest/
org.hamcrest:hamcrest-core:jar:1.3:compile,BSD 2-clause,http://hamcrest.org/JavaHamcrest/
org.jvnet.jaxb2_commons:jaxb2-basics-runtime:jar:0.6.5:compile,BSD,https://github.com/highsource/jaxb2-basics
org.krakenapps:kraken-api:jar:2.1.1:compile, Apache v2,
org.krakenapps:kraken-pcap:jar:1.7.1:compile, Apache v2,
org.ow2.asm:asm:jar:4.0:compile,BSD,http://asm.ow2.org/
org.ow2.asm:asm:jar:5.1:compile,BSD,http://asm.ow2.org/
org.slf4j:slf4j-api:jar:1.6.1:compile,MIT,http://www.slf4j.org
org.slf4j:slf4j-api:jar:1.7.10:compile,MIT,http://www.slf4j.org
org.slf4j:slf4j-api:jar:1.7.5:compile,MIT,http://www.slf4j.org
org.slf4j:slf4j-api:jar:1.7.6:compile,MIT,http://www.slf4j.org
org.slf4j:slf4j-api:jar:1.7.7:compile,MIT,http://www.slf4j.org
org.slf4j:slf4j-api:jar:1.7.21:compile,MIT,http://www.slf4j.org
org.slf4j:slf4j-api:jar:1.7.25:compile,MIT,http://www.slf4j.org
org.slf4j:slf4j-log4j12:jar:1.6.1:compile,MIT,http://www.slf4j.org
org.slf4j:slf4j-log4j12:jar:1.7.10:compile,MIT,http://www.slf4j.org
org.slf4j:slf4j-log4j12:jar:1.7.10:runtime,MIT,http://www.slf4j.org
org.slf4j:slf4j-log4j12:jar:1.7.21:compile,MIT,http://www.slf4j.org
org.slf4j:slf4j-log4j12:jar:1.7.25:compile,MIT,http://www.slf4j.org
org.slf4j:slf4j-log4j12:jar:1.7.5:compile,MIT,http://www.slf4j.org
org.slf4j:slf4j-log4j12:jar:1.7.7:compile,MIT,http://www.slf4j.org
org.slf4j:slf4j-simple:jar:1.7.7:compile,MIT,http://www.slf4j.org
org.slf4j:jcl-over-slf4j:jar:1.7.7:compile,MIT,http://www.slf4j.org
org.slf4j:jcl-over-slf4j:jar:1.7.16:compile,MIT,http://www.slf4j.org
org.slf4j:jcl-over-slf4j:jar:1.7.21:compile,MIT,http://www.slf4j.org
org.slf4j:jcl-over-slf4j:jar:1.7.21:compile,MIT,http://www.slf4j.org
org.slf4j:jul-to-slf4j:jar:1.7.16:compile,MIT,http://www.slf4j.org
org.slf4j:jul-to-slf4j:jar:1.7.21:compile,MIT,http://www.slf4j.org
org.slf4j:jul-to-slf4j:jar:1.7.25:compile,MIT,http://www.slf4j.org
aopalliance:aopalliance:jar:1.0:compile,Public Domain,http://aopalliance.sourceforge.net
com.101tec:zkclient:jar:0.8:compile,The Apache Software License, Version 2.0,https://github.com/sgroschupf/zkclient
com.github.stephenc.findbugs:findbugs-annotations:jar:1.3.9-1:compile,Apache License, Version 2.0,http://stephenc.github.com/findbugs-annotations
com.github.tony19:named-regexp:jar:0.2.3:compile,Apache License, Version 2.0,
com.google.code.findbugs:jsr305:jar:1.3.9:compile,The Apache Software License, Version 2.0,http://findbugs.sourceforge.net/
com.google.code.findbugs:jsr305:jar:3.0.0:compile,The Apache Software License, Version 2.0,http://findbugs.sourceforge.net/
com.google.code.findbugs:annotations:jar:2.0.1:compile,The Apache Software License, Version 2.0,http://findbugs.sourceforge.net/
com.carrotsearch:hppc:jar:0.7.1:compile,ASLv2,https://github.com/carrotsearch/hppc
com.carrotsearch:hppc:jar:0.7.2:compile,ASLv2,https://github.com/carrotsearch/hppc
com.clearspring.analytics:stream:jar:2.7.0:compile,ASLv2,https://github.com/addthis/stream-lib
com.clearspring.analytics:stream:jar:2.9.5:compile,ASLv2,https://github.com/addthis/stream-lib
com.codahale.metrics:metrics-core:jar:3.0.2:compile,MIT,https://github.com/codahale/metrics
com.codahale.metrics:metrics-graphite:jar:3.0.2:compile,MIT,https://github.com/codahale/metrics
com.esotericsoftware.reflectasm:reflectasm:jar:shaded:1.07:compile,BSD,https://github.com/EsotericSoftware/reflectasm
com.fasterxml.jackson.core:jackson-annotations:jar:2.2.3:compile,ASLv2,http://wiki.fasterxml.com/JacksonHome
com.fasterxml.jackson.core:jackson-annotations:jar:2.7.4:compile,ASLv2,http://github.com/FasterXML/jackson
com.fasterxml.jackson.core:jackson-annotations:jar:2.8.3:compile,ASLv2,http://github.com/FasterXML/jackson
com.fasterxml.jackson.core:jackson-annotations:jar:2.9.0:compile,ASLv2,http://github.com/FasterXML/jackson
com.fasterxml.jackson.core:jackson-annotations:jar:2.9.4:compile,ASLv2,http://github.com/FasterXML/jackson
com.fasterxml.jackson.core:jackson-core:jar:2.2.3:compile,ASLv2,http://wiki.fasterxml.com/JacksonHome
com.fasterxml.jackson.core:jackson-core:jar:2.6.3:compile,ASLv2,https://github.com/FasterXML/jackson-core
com.fasterxml.jackson.core:jackson-core:jar:2.6.6:compile,ASLv2,https://github.com/FasterXML/jackson-core
com.fasterxml.jackson.core:jackson-core:jar:2.7.4:compile,ASLv2,https://github.com/FasterXML/jackson-core
com.fasterxml.jackson.core:jackson-core:jar:2.8.3:compile,ASLv2,https://github.com/FasterXML/jackson-core
com.fasterxml.jackson.core:jackson-core:jar:2.9.4:compile,ASLv2,https://github.com/FasterXML/jackson-core
com.fasterxml.jackson.core:jackson-core:jar:2.9.5:compile,ASLv2,https://github.com/FasterXML/jackson-core
com.fasterxml.jackson.core:jackson-databind:jar:2.2.3:compile,ASLv2,http://wiki.fasterxml.com/JacksonHome
com.fasterxml.jackson.core:jackson-databind:jar:2.4.3:compile,ASLv2,http://github.com/FasterXML/jackson
com.fasterxml.jackson.core:jackson-databind:jar:2.6.7.1:compile,ASLv2,http://github.com/FasterXML/jackson
com.fasterxml.jackson.core:jackson-databind:jar:2.7.4:compile,ASLv2,http://github.com/FasterXML/jackson
com.fasterxml.jackson.core:jackson-databind:jar:2.8.3:compile,ASLv2,http://github.com/FasterXML/jackson
com.fasterxml.jackson.core:jackson-databind:jar:2.9.4:compile,ASLv2,http://github.com/FasterXML/jackson
com.fasterxml.jackson.core:jackson-databind:jar:2.9.5:compile,ASLv2,http://github.com/FasterXML/jackson
com.fasterxml.jackson.dataformat:jackson-dataformat-cbor:jar:2.6.6:compile,ASLv2,http://wiki.fasterxml.com/JacksonForCbor
com.fasterxml.jackson.dataformat:jackson-dataformat-smile:jar:2.6.6:compile,ASLv2,http://wiki.fasterxml.com/JacksonForSmile
com.fasterxml.jackson.dataformat:jackson-dataformat-yaml:jar:2.6.6:compile,ASLv2,https://github.com/FasterXML/jackson
com.fasterxml.jackson.dataformat:jackson-dataformat-cbor:jar:2.7.4:compile,ASLv2,http://wiki.fasterxml.com/JacksonForCbor
com.fasterxml.jackson.dataformat:jackson-dataformat-smile:jar:2.7.4:compile,ASLv2,http://wiki.fasterxml.com/JacksonForSmile
com.fasterxml.jackson.dataformat:jackson-dataformat-xml:jar:2.9.5:compile,ASLv2,https://github.com/FasterXML/jackson
com.fasterxml.jackson.dataformat:jackson-dataformat-yaml:jar:2.7.4:compile,ASLv2,https://github.com/FasterXML/jackson
com.fasterxml.jackson.datatype:jackson-datatype-joda:jar:2.8.1:compile,ASLv2,https://github.com/FasterXML/jackson-datatype-joda
com.fasterxml.jackson.datatype:jackson-datatype-joda:jar:2.9.5:compile,ASLv2,https://github.com/FasterXML/jackson-datatype-joda
com.fasterxml.jackson.datatype:jackson-datatype-jdk8:jar:2.9.5:compile,ASLv2,https://github.com/FasterXML/jackson-modules-java8
com.fasterxml.jackson.datatype:jackson-datatype-jsr310:jar:2.9.5:compile,ASLv2,https://github.com/FasterXML/jackson-modules-java8
com.fasterxml.jackson.module:jackson-module-parameter-names:jar:2.9.5:compile,ASLv2,https://github.com/FasterXML/jackson-modules-java8
com.fasterxml.jackson.module:jackson-module-paranamer:jar:2.7.9:compile,ASLv2,https://github.com/FasterXML/jackson-modules-base
com.fasterxml.jackson.module:jackson-module-scala_2.11:jar:2.6.7.1:compile,ASLv2,https://github.com/FasterXML/jackson-module-scala
com.fasterxml.jackson.module:jackson-module-jaxb-annotations:jar:2.9.5:compile,ASLv2,https://github.com/FasterXML/jackson-modules-java8
com.fasterxml.woodstox:woodstox-core:jar:5.0.3:compile,ASLv2,https://github.com/FasterXML/woodstox
com.fasterxml:classmate:jar:1.3.1:compile,ASLv2,http://github.com/cowtowncoder/java-classmate
com.fasterxml:classmate:jar:1.3.4:compile,ASLv2,http://github.com/cowtowncoder/java-classmate
com.google.code.gson:gson:jar:2.2.2:compile,The Apache Software License, Version 2.0,http://code.google.com/p/google-gson/
com.google.code.gson:gson:jar:2.2.4:compile,The Apache Software License, Version 2.0,http://code.google.com/p/google-gson/
com.google.code.gson:gson:jar:2.7:compile,The Apache Software License, Version 2.0,http://code.google.com/p/google-gson/
com.google.guava:guava:jar:11.0.2:compile,ASLv2,
com.google.guava:guava:jar:12.0.1:compile,ASLv2,
com.google.guava:guava:jar:12.0:compile,ASLv2,
com.google.guava:guava:jar:16.0.1:compile,ASLv2,
com.google.guava:guava:jar:17.0:compile,ASLv2,
com.google.guava:guava:jar:18.0:compile,ASLv2,
com.google.inject.extensions:guice-servlet:jar:3.0:compile,ASLv2,
com.google.inject:guice:jar:3.0:compile,ASLv2,
com.googlecode.disruptor:disruptor:jar:2.10.4:compile,The Apache Software License, Version 2.0,http://code.google.com/p/disruptor/
com.lmax:disruptor:jar:3.3.2:compile,The Apache Software License, Version 2.0,https://github.com/LMAX-Exchange/disruptor/
com.googlecode.json-simple:json-simple:jar:1.1:compile,The Apache Software License, Version 2.0,http://code.google.com/p/json-simple/
com.googlecode.json-simple:json-simple:jar:1.1.1:compile,The Apache Software License, Version 2.0,http://code.google.com/p/json-simple/
com.jamesmurty.utils:java-xmlbuilder:jar:0.4:compile,Apache License, Version 2.0,http://code.google.com/p/java-xmlbuilder/
com.jamesmurty.utils:java-xmlbuilder:jar:1.1:compile,Apache License, Version 2.0,http://code.google.com/p/java-xmlbuilder/
com.ning:compress-lzf:jar:1.0.2:compile,Apache License 2.0,http://github.com/ning/compress
com.ning:compress-lzf:jar:1.0.3:compile,Apache License 2.0,http://github.com/ning/compress
com.opencsv:opencsv:jar:3.7:compile,Apache 2,http://opencsv.sf.net
com.spatial4j:spatial4j:jar:0.5:compile,The Apache Software License, Version 2.0,
com.tdunning:t-digest:jar:3.0:compile,The Apache Software License, Version 2.0,https://github.com/tdunning/t-digest
com.univocity:univocity-parsers:jar:2.5.9:compile,ASLv2,https://github.com/uniVocity/univocity-parsers
com.vlkan:flatbuffers:jar:1.2.0-3f79e055:compile,ASLv2,https://github.com/vy/flatbuffers
com.yammer.metrics:metrics-core:jar:2.2.0:compile,ASLv2,
commons-beanutils:commons-beanutils-core:jar:1.8.0:compile,ASLv2,http://commons.apache.org/beanutils/
commons-beanutils:commons-beanutils-core:jar:1.8.0:provided,ASLv2,http://commons.apache.org/beanutils/
commons-beanutils:commons-beanutils:jar:1.7.0:compile,ASLv2,
commons-beanutils:commons-beanutils:jar:1.8.3:compile,ASLv2,http://commons.apache.org/beanutils/
commons-beanutils:commons-beanutils:jar:1.9.2:compile,ASLv2,http://commons.apache.org/beanutils/
commons-cli:commons-cli:jar:1.2:compile,ASLv2,http://commons.apache.org/cli/
commons-cli:commons-cli:jar:1.3.1:compile,ASLv2,http://commons.apache.org/proper/commons-cli/
commons-codec:commons-codec:jar:1.10:compile,ASLv2,http://commons.apache.org/proper/commons-codec/
commons-codec:commons-codec:jar:1.4:compile,ASLv2,http://commons.apache.org/codec/
commons-codec:commons-codec:jar:1.6:compile,ASLv2,http://commons.apache.org/codec/
commons-codec:commons-codec:jar:1.9:compile,ASLv2,http://commons.apache.org/proper/commons-codec/
commons-codec:commons-codec:jar:1.11:compile,ASLv2,http://commons.apache.org/proper/commons-codec/
commons-collections:commons-collections:jar:3.2.1:compile,ASLv2,http://commons.apache.org/collections/
commons-collections:commons-collections:jar:3.2.2:compile,ASLv2,http://commons.apache.org/collections/
commons-configuration:commons-configuration:jar:1.10:compile,ASLv2,http://commons.apache.org/configuration/
commons-configuration:commons-configuration:jar:1.6:compile,The Apache Software License, Version 2.0,http://commons.apache.org/${pom.artifactId.substring(8)}/
commons-daemon:commons-daemon:jar:1.0.13:compile,ASLv2,http://commons.apache.org/daemon/
commons-digester:commons-digester:jar:1.8.1:compile,ASLv2,http://commons.apache.org/digester/
commons-digester:commons-digester:jar:1.8:compile,The Apache Software License, Version 2.0,http://jakarta.apache.org/commons/digester/
commons-digester:commons-digester:jar:2.1:compile,ASLv2,http://commons.apache.org/digester/
commons-el:commons-el:jar:1.0:provided,The Apache Software License, Version 2.0,http://jakarta.apache.org/commons/el/
commons-el:commons-el:jar:1.0:runtime,The Apache Software License, Version 2.0,http://jakarta.apache.org/commons/el/
commons-el:commons-el:jar:1.0:compile,The Apache Software License, Version 2.0,http://jakarta.apache.org/commons/el/
commons-httpclient:commons-httpclient:jar:3.1:compile,Apache License,http://jakarta.apache.org/httpcomponents/httpclient-3.x/
commons-io:commons-io:jar:2.4:compile,ASLv2,http://commons.apache.org/io/
commons-io:commons-io:jar:2.5:compile,ASLv2,http://commons.apache.org/io/
commons-io:commons-io:jar:2.4:provided,ASLv2,http://commons.apache.org/io/
commons-lang:commons-lang:jar:2.4:compile,ASLv2,http://commons.apache.org/lang/
commons-lang:commons-lang:jar:2.5:compile,ASLv2,http://commons.apache.org/lang/
commons-lang:commons-lang:jar:2.6:compile,ASLv2,http://commons.apache.org/lang/
commons-lang:commons-lang:jar:2.6:provided,ASLv2,http://commons.apache.org/lang/
commons-logging:commons-logging:jar:1.1.1:compile,ASLv2,http://commons.apache.org/logging
commons-logging:commons-logging:jar:1.1.3:compile,ASLv2,http://commons.apache.org/proper/commons-logging/
commons-logging:commons-logging:jar:1.2:compile,ASLv2,http://commons.apache.org/proper/commons-logging/
commons-net:commons-net:jar:2.2:compile,ASLv2,http://commons.apache.org/net/
commons-net:commons-net:jar:3.1:compile,ASLv2,http://commons.apache.org/net/
commons-net:commons-net:jar:3.1:provided,ASLv2,http://commons.apache.org/net/
commons-text:commons-text:jar:1.1:compile,ASLv2,http://commons.apache.org/proper/commons-text/
commons-validator:commons-validator:jar:1.4.0:compile,ASLv2,http://commons.apache.org/validator/
commons-validator:commons-validator:jar:1.5.1:compile,ASLv2,http://commons.apache.org/proper/commons-validator/
commons-validator:commons-validator:jar:1.6:compile,ASLv2,http://commons.apache.org/proper/commons-validator/
et.razorvine:pyrolite:jar:4.13:compile,MIT,https://github.com/irmen/Pyrolite
io.airlift:aircompressor:jar:0.8:compile,ASLv2,https://github.com/airlift/aircompressor
io.confluent:kafka-avro-serializer:jar:1.0:compile,ASLv2,https://github.com/confluentinc/schema-registry/
io.confluent:kafka-schema-registry-client:jar:1.0:compile,ASLv2,https://github.com/confluentinc/schema-registry/
io.dropwizard.metrics:metrics-core:jar:3.1.5:compile,ASLv2,https://github.com/dropwizard/metrics
io.dropwizard.metrics:metrics-graphite:jar:3.1.5:compile,ASLv2,https://github.com/dropwizard/metrics
io.dropwizard.metrics:metrics-json:jar:3.1.5:compile,ASLv2,https://github.com/dropwizard/metrics
io.dropwizard.metrics:metrics-jvm:jar:3.1.5:compile,ASLv2,https://github.com/dropwizard/metrics
io.netty:netty-all:jar:4.0.23.Final:compile,ASLv2,
io.netty:netty-all:jar:4.0.23.Final:provided,ASLv2,
io.netty:netty-all:jar:4.1.17.Final:compile,ASLv2,
io.netty:netty-all:jar:4.1.23.Final:compile,ASLv2,
io.netty:netty:jar:3.6.2.Final:compile,Apache License, Version 2.0,http://netty.io/
io.netty:netty:jar:3.7.0.Final:compile,Apache License, Version 2.0,http://netty.io/
io.netty:netty:jar:3.9.9.Final:compile,Apache License, Version 2.0,http://netty.io/
io.netty:netty:jar:3.10.5.Final:compile,Apache License, Version 2.0,http://netty.io/
io.thekraken:grok:jar:0.1.0:compile,Apache License, Version 2.0,http://maven.apache.org
javax.inject:javax.inject:jar:1:compile,The Apache Software License, Version 2.0,http://code.google.com/p/atinject/
joda-time:joda-time:jar:2.3:compile,Apache 2,http://www.joda.org/joda-time/
joda-time:joda-time:jar:2.8.2:compile,Apache 2,http://www.joda.org/joda-time/
joda-time:joda-time:jar:2.9.9:compile,Apache 2,http://www.joda.org/joda-time/
log4j:log4j:jar:1.2.15:compile,The Apache Software License, Version 2.0,http://logging.apache.org:80/log4j/1.2/
log4j:log4j:jar:1.2.16:compile,The Apache Software License, Version 2.0,http://logging.apache.org/log4j/1.2/
log4j:log4j:jar:1.2.17:compile,The Apache Software License, Version 2.0,http://logging.apache.org/log4j/1.2/
net.iharder:base64:jar:2.3.8:compile,Public Domain,http://iharder.sourceforge.net/current/java/base64/
net.java.dev.jets3t:jets3t:jar:0.9.0:compile,Apache License, Version 2.0,http://www.jets3t.org
net.java.dev.jets3t:jets3t:jar:0.9.4:compile,Apache License, Version 2.0,http://www.jets3t.org
net.jpountz.lz4:lz4:jar:1.2.0:compile,The Apache Software License, Version 2.0,https://github.com/jpountz/lz4-java
net.jpountz.lz4:lz4:jar:1.3.0:compile,The Apache Software License, Version 2.0,https://github.com/jpountz/lz4-java
net.sf.py4j:py4j:jar:0.10.7:compile,,
nl.jqno.equalsverifier:equalsverifier:jar:2.0.2:compile,The Apache Software License, Version 2.0,http://www.jqno.nl/equalsverifier
org.codehaus.jackson:jackson-core-asl:jar:1.9.13:compile,The Apache Software License, Version 2.0,http://jackson.codehaus.org
org.codehaus.jackson:jackson-mapper-asl:jar:1.9.13:compile,The Apache Software License, Version 2.0,http://jackson.codehaus.org
org.codehaus.woodstox:stax2-api:jar:3.1.4:compile,The BSD License,http://wiki.fasterxml.com/WoodstoxStax2
org.codehaus.woodstox:woodstox-core-asl:jar:4.4.1:compile,ASLv2,http://woodstox.codehaus.org
org.eclipse.jetty:jetty-http:jar:9.3.0.M0:compile,ASLv2,http://www.eclipse.org/jetty
org.eclipse.jetty:jetty-io:jar:9.3.0.M0:compile,ASLv2,http://www.eclipse.org/jetty
org.eclipse.jetty:jetty-security:jar:9.3.0.M0:compile,ASLv2,http://www.eclipse.org/jetty
org.eclipse.jetty:jetty-server:jar:9.3.0.M0:compile,ASLv2,http://www.eclipse.org/jetty
org.eclipse.jetty:jetty-servlet:jar:9.3.0.M0:compile,ASLv2,http://www.eclipse.org/jetty
org.eclipse.jetty:jetty-util:jar:9.3.0.M0:compile,ASLv2,http://www.eclipse.org/jetty
org.elasticsearch:elasticsearch:jar:2.3.3:compile,ASLv2,
org.elasticsearch:elasticsearch:jar:2.3.3:import,ASLv2,
org.elasticsearch:securesm:jar:1.0:compile,ASLv2,
org.hdrhistogram:HdrHistogram:jar:2.1.6:compile,Public Domain, per Creative Commons CC0,http://hdrhistogram.github.io/HdrHistogram/
org.javassist:javassist:jar:3.18.1-GA:compile,Apache License 2.0,http://www.javassist.org/
org.jboss.resteasy:async-http-servlet-3.0:jar:3.0.1.Final:compile,ASLv2,
org.jboss.resteasy:jaxrs-api:jar:3.0.4.Final:compile,ASLv2,
org.jboss.resteasy:resteasy-jaxb-provider:jar:3.0.1.Final:compile,ASLv2,
org.jboss.resteasy:resteasy-jaxrs:jar:3.0.1.Final:compile,ASLv2,
org.joda:joda-convert:jar:1.2:compile,Apache 2,http://joda-convert.sourceforge.net
org.mortbay.jetty:jetty-util:jar:6.1.26:compile,ASLv2,
org.mortbay.jetty:jetty:jar:6.1.26:compile,ASLv2,
org.noggit:noggit:jar:0.6:compile,Apache License, Version 2.0,http://github.com/yonik/noggit
org.scannotation:scannotation:jar:1.0.3:compile,Apache License V2.0,http://scannotation.sf.net
org.slf4j:log4j-over-slf4j:jar:1.6.6:compile,Apache Software Licenses,http://www.slf4j.org
org.springframework.integration:spring-integration-core:jar:3.0.0.RELEASE:compile,The Apache Software License, Version 2.0,http://www.springintegration.org/
org.springframework.integration:spring-integration-http:jar:3.0.0.RELEASE:compile,The Apache Software License, Version 2.0,http://www.springintegration.org/
org.springframework.retry:spring-retry:jar:1.0.3.RELEASE:compile,Apache 2.0,http://www.springsource.org
org.springframework:spring-aop:jar:3.2.6.RELEASE:compile,The Apache Software License, Version 2.0,https://github.com/SpringSource/spring-framework
org.springframework:spring-aop:jar:4.3.3.RELEASE:compile,The Apache Software License, Version 2.0,https://github.com/spring-projects/spring-framework
org.springframework:spring-aop:jar:5.0.5.RELEASE:compile,The Apache Software License, Version 2.0,https://github.com/spring-projects/spring-framework
org.springframework:spring-aspects:jar:4.3.3.RELEASE:compile,The Apache Software License, Version 2.0,https://github.com/spring-projects/spring-framework
org.springframework:spring-aspects:jar:5.0.5.RELEASE:compile,The Apache Software License, Version 2.0,https://github.com/spring-projects/spring-framework
org.springframework:spring-beans:jar:3.2.6.RELEASE:compile,The Apache Software License, Version 2.0,https://github.com/SpringSource/spring-framework
org.springframework:spring-beans:jar:4.3.3.RELEASE:compile,The Apache Software License, Version 2.0,https://github.com/spring-projects/spring-framework
org.springframework:spring-beans:jar:5.0.5.RELEASE:compile,The Apache Software License, Version 2.0,https://github.com/spring-projects/spring-framework
org.springframework:spring-context:jar:3.2.6.RELEASE:compile,The Apache Software License, Version 2.0,https://github.com/SpringSource/spring-framework
org.springframework:spring-context:jar:4.3.3.RELEASE:compile,The Apache Software License, Version 2.0,https://github.com/spring-projects/spring-framework
org.springframework:spring-context:jar:5.0.5.RELEASE:compile,The Apache Software License, Version 2.0,https://github.com/spring-projects/spring-framework
org.springframework:spring-core:jar:3.2.6.RELEASE:compile,The Apache Software License, Version 2.0,https://github.com/SpringSource/spring-framework
org.springframework:spring-core:jar:4.1.4.RELEASE:compile,The Apache Software License, Version 2.0,https://github.com/spring-projects/spring-framework
org.springframework:spring-core:jar:4.3.3.RELEASE:compile,The Apache Software License, Version 2.0,https://github.com/spring-projects/spring-framework
org.springframework:spring-core:jar:5.0.5.RELEASE:compile,The Apache Software License, Version 2.0,https://github.com/spring-projects/spring-framework
org.springframework:spring-expression:jar:3.2.6.RELEASE:compile,The Apache Software License, Version 2.0,https://github.com/SpringSource/spring-framework
org.springframework:spring-expression:jar:4.3.3.RELEASE:compile,The Apache Software License, Version 2.0,https://github.com/spring-projects/spring-framework
org.springframework:spring-expression:jar:5.0.5.RELEASE:compile,The Apache Software License, Version 2.0,https://github.com/spring-projects/spring-framework
org.springframework:spring-jcl:jar:5.0.5.RELEASE:compile,The Apache Software License, Version 2.0,https://github.com/spring-projects/spring-framework
org.springframework:spring-jdbc:jar:4.3.3.RELEASE:compile,The Apache Software License, Version 2.0,https://github.com/spring-projects/spring-framework
org.springframework:spring-jdbc:jar:5.0.5.RELEASE:compile,The Apache Software License, Version 2.0,https://github.com/spring-projects/spring-framework
org.springframework:spring-orm:jar:4.3.3.RELEASE:compile,The Apache Software License, Version 2.0,https://github.com/spring-projects/spring-framework
org.springframework:spring-orm:jar:5.0.5.RELEASE:compile,The Apache Software License, Version 2.0,https://github.com/spring-projects/spring-framework
org.springframework:spring-tx:jar:3.2.6.RELEASE:compile,The Apache Software License, Version 2.0,https://github.com/SpringSource/spring-framework
org.springframework:spring-tx:jar:4.3.3.RELEASE:compile,The Apache Software License, Version 2.0,https://github.com/spring-projects/spring-framework
org.springframework:spring-tx:jar:5.0.5.RELEASE:compile,The Apache Software License, Version 2.0,https://github.com/spring-projects/spring-framework
org.springframework:spring-web:jar:3.2.6.RELEASE:compile,The Apache Software License, Version 2.0,https://github.com/SpringSource/spring-framework
org.springframework:spring-web:jar:4.3.3.RELEASE:compile,The Apache Software License, Version 2.0,https://github.com/spring-projects/spring-framework
org.springframework:spring-web:jar:5.0.5.RELEASE:compile,The Apache Software License, Version 2.0,https://github.com/spring-projects/spring-framework
org.springframework:spring-webmvc:jar:3.2.6.RELEASE:compile,The Apache Software License, Version 2.0,https://github.com/SpringSource/spring-framework
org.springframework:spring-webmvc:jar:4.3.3.RELEASE:compile,The Apache Software License, Version 2.0,https://github.com/spring-projects/spring-framework
org.springframework:spring-webmvc:jar:5.0.5.RELEASE:compile,The Apache Software License, Version 2.0,https://github.com/spring-projects/spring-framework
org.springframework.ldap:spring-ldap-core:jar:2.3.2.RELEASE:compile,ASLv2,https://spring.io/projects/spring-ldap
org.springframework.security:spring-security-ldap:jar:5.1.1.RELEASE:compile,ASLv2,https://spring.io/projects/spring-security
org.tukaani:xz:jar:1.0:compile,Public Domain,http://tukaani.org/xz/java.html
org.xerial.snappy:snappy-java:jar:1.0.4.1:compile,The Apache Software License, Version 2.0,http://code.google.com/p/snappy-java/
org.xerial.snappy:snappy-java:jar:1.1.1.7:compile,The Apache Software License, Version 2.0,https://github.com/xerial/snappy-java
org.xerial.snappy:snappy-java:jar:1.1.2.6:compile,The Apache Software License, Version 2.0,https://github.com/xerial/snappy-java
org.yaml:snakeyaml:jar:1.11:compile,Apache License Version 2.0,http://www.snakeyaml.org
org.yaml:snakeyaml:jar:1.15:compile,Apache License Version 2.0,http://www.snakeyaml.org
org.yaml:snakeyaml:jar:1.17:compile,Apache License Version 2.0,http://www.snakeyaml.org
ring-cors:ring-cors:jar:0.1.5:compile,Eclipse Public License 1.0,https://github.com/r0man/ring-cors
xerces:xercesImpl:jar:2.9.1:compile,ASLv2,http://xerces.apache.org/xerces2-j
xml-apis:xml-apis:jar:1.3.04:compile,ASLv2,http://xml.apache.org/commons/components/external/
de.jollyday:jollyday:jar:0.5.2:compile,ASLv2,http://jollyday.sourceforge.net/license.html
org.threeten:threeten-extra:jar:1.0:compile,BSD,http://www.threeten.org/threeten-extra/license.html
xml-apis:xml-apis:jar:1.4.01:compile,ASLv2,http://xml.apache.org/commons/components/external/
dom4j:dom4j:jar:1.6.1:compile,dom4j,https://github.com/dom4j/dom4j
io.springfox:springfox-core:jar:2.5.0:compile,ASLv2,https://github.com/springfox/springfox
io.springfox:springfox-schema:jar:2.5.0:compile,ASLv2,https://github.com/springfox/springfox
io.springfox:springfox-spi:jar:2.5.0:compile,ASLv2,https://github.com/springfox/springfox
io.springfox:springfox-spring-web:jar:2.5.0:compile,ASLv2,https://github.com/springfox/springfox
io.springfox:springfox-swagger-common:jar:2.5.0:compile,ASLv2,https://github.com/springfox/springfox
io.springfox:springfox-swagger-ui:jar:2.5.0:compile,ASLv2,https://github.com/springfox/springfox
io.springfox:springfox-swagger2:jar:2.5.0:compile,ASLv2,https://github.com/springfox/springfox
io.swagger:swagger-annotations:jar:1.5.9:compile,ASLv2,https://github.com/swagger-api/swagger-core
io.swagger:swagger-models:jar:1.5.9:compile,ASLv2,https://github.com/swagger-api/swagger-core
javax.transaction:javax.transaction-api:jar:1.2:compile,CDDL-1.0,https://java.net/projects/jta-spec/
javax.validation:validation-api:jar:1.1.0.Final:compile,ASLv2,http://beanvalidation.org
javax.validation:validation-api:jar:2.0.1.Final:compile,ASLv2,http://beanvalidation.org
joda-time:joda-time:jar:2.9.4:compile,ASLv2,https://github.com/JodaOrg/joda-time
org.aspectj:aspectjweaver:jar:1.8.9:compile,EPL 1.0,https://eclipse.org/aspectj
org.aspectj:aspectjweaver:jar:1.8.13:compile,EPL 1.0,https://eclipse.org/aspectj
org.jboss.logging:jboss-logging:jar:3.3.0.Final:compile,ASLv2,https://github.com/jboss-logging
org.jboss.logging:jboss-logging:jar:3.3.2.Final:compile,ASLv2,https://github.com/jboss-logging
org.jboss:jandex:jar:2.0.0.Final:compile,ASLv2,https://github.com/wildfly/jandex
org.mapstruct:mapstruct:jar:1.0.0.Final:compile,ASLv2,https://github.com/mapstruct/mapstruct
org.springframework.boot:spring-boot-autoconfigure:jar:1.4.1.RELEASE:compile,ASLv2,https://github.com/spring-projects/spring-boot
org.springframework.boot:spring-boot-autoconfigure:jar:2.0.1.RELEASE:compile,ASLv2,https://github.com/spring-projects/spring-boot
org.springframework.boot:spring-boot-starter-aop:jar:1.4.1.RELEASE:compile,ASLv2,https://github.com/spring-projects/spring-boot
org.springframework.boot:spring-boot-starter-aop:jar:2.0.1.RELEASE:compile,ASLv2,https://github.com/spring-projects/spring-boot
org.springframework.boot:spring-boot-starter-data-jpa:jar:1.4.1.RELEASE:compile,ASLv2,https://github.com/spring-projects/spring-boot
org.springframework.boot:spring-boot-starter-data-jpa:jar:2.0.1.RELEASE:compile,ASLv2,https://github.com/spring-projects/spring-boot
org.springframework.boot:spring-boot-starter-jdbc:jar:1.4.1.RELEASE:compile,ASLv2,https://github.com/spring-projects/spring-boot
org.springframework.boot:spring-boot-starter-jdbc:jar:2.0.1.RELEASE:compile,ASLv2,https://github.com/spring-projects/spring-boot
org.springframework.boot:spring-boot-starter-json:jar:2.0.1.RELEASE:compile,ASLv2,https://github.com/spring-projects/spring-boot
org.springframework.boot:spring-boot-starter-logging:jar:1.4.1.RELEASE:compile,ASLv2,https://github.com/spring-projects/spring-boot
org.springframework.boot:spring-boot-starter-logging:jar:2.0.1.RELEASE:compile,ASLv2,https://github.com/spring-projects/spring-boot
org.springframework.boot:spring-boot-starter-security:jar:1.4.1.RELEASE:compile,ASLv2,https://github.com/spring-projects/spring-boot
org.springframework.boot:spring-boot-starter-security:jar:2.0.1.RELEASE:compile,ASLv2,https://github.com/spring-projects/spring-boot
org.springframework.boot:spring-boot-starter-tomcat:jar:1.4.1.RELEASE:compile,ASLv2,https://github.com/spring-projects/spring-boot
org.springframework.boot:spring-boot-starter-tomcat:jar:2.0.1.RELEASE:compile,ASLv2,https://github.com/spring-projects/spring-boot
org.springframework.boot:spring-boot-starter-web:jar:1.4.1.RELEASE:compile,ASLv2,https://github.com/spring-projects/spring-boot
org.springframework.boot:spring-boot-starter-web:jar:2.0.1.RELEASE:compile,ASLv2,https://github.com/spring-projects/spring-boot
org.springframework.boot:spring-boot-starter:jar:1.4.1.RELEASE:compile,ASLv2,https://github.com/spring-projects/spring-boot
org.springframework.boot:spring-boot-starter:jar:2.0.1.RELEASE:compile,ASLv2,https://github.com/spring-projects/spring-boot
org.springframework.boot:spring-boot:jar:1.4.1.RELEASE:compile,ASLv2,https://github.com/spring-projects/spring-boot
org.springframework.boot:spring-boot:jar:2.0.1.RELEASE:compile,ASLv2,https://github.com/spring-projects/spring-boot
org.springframework.data:spring-data-commons:jar:1.12.3.RELEASE:compile,ASLv2,https://github.com/spring-projects/spring-data-commons
org.springframework.data:spring-data-commons:jar:2.0.6.RELEASE:compile,ASLv2,https://github.com/spring-projects/spring-data-commons
org.springframework.data:spring-data-jpa:jar:1.10.3.RELEASE:compile,ASLv2,https://github.com/spring-projects/spring-data-jpa
org.springframework.data:spring-data-jpa:jar:2.0.6.RELEASE:compile,ASLv2,https://github.com/spring-projects/spring-data-jpa
org.springframework.plugin:spring-plugin-core:jar:1.2.0.RELEASE:compile,ASLv2,https://github.com/spring-projects/spring-plugin
org.springframework.plugin:spring-plugin-metadata:jar:1.2.0.RELEASE:compile,ASLv2,https://github.com/spring-projects/spring-plugin
org.springframework.security:spring-security-config:jar:4.1.3.RELEASE:compile,ASLv2,https://github.com/spring-projects/spring-security
org.springframework.security:spring-security-config:jar:5.0.4.RELEASE:compile,ASLv2,https://github.com/spring-projects/spring-security
org.springframework.security:spring-security-core:jar:4.1.3.RELEASE:compile,ASLv2,https://github.com/spring-projects/spring-security
org.springframework.security:spring-security-core:jar:5.0.4.RELEASE:compile,ASLv2,https://github.com/spring-projects/spring-security
org.springframework.security:spring-security-web:jar:4.1.3.RELEASE:compile,ASLv2,https://github.com/spring-projects/spring-security
org.springframework.security:spring-security-web:jar:5.0.4.RELEASE:compile,ASLv2,https://github.com/spring-projects/spring-security
org.spark-project.spark:unused:jar:1.0.0:compile,ASLv2,https://spark.apache.org
antlr:antlr:jar:2.7.7:compile,BSD 3-Clause License,http://www.antlr2.org
com.h2database:h2:jar:1.4.192:compile,EPL 1.0,http://www.h2database.com/html/license.html
com.h2database:h2:jar:1.4.197:compile,EPL 1.0,http://www.h2database.com/html/license.html
de.jollyday:jollyday:jar:0.5.2:compile,ASLv2,http://jollyday.sourceforge.net/license.html
org.threeten:threeten-extra:jar:1.0:compile,BSD,http://www.threeten.org/threeten-extra/license.html
org.atteo.classindex:classindex:jar:3.3:compile,ASLv2,https://github.com/atteo/classindex
com.squareup.okhttp:okhttp:jar:2.4.0:compile,ASLv2,https://github.com/square/okhttp
com.squareup.okio:okio:jar:1.4.0:compile,ASLv2,https://github.com/square/okhttp
org.htrace:htrace-core:jar:3.0.4:compile,ASLv2,http://htrace.incubator.apache.org/
net.byteseek:byteseek:jar:2.0.3:compile,BSD,https://github.com/nishihatapalmer/byteseek
org.springframework.security.kerberos:spring-security-kerberos-client:jar:1.0.1.RELEASE:compile,ASLv2,https://github.com/spring-projects/spring-security-kerberos
org.springframework.security.kerberos:spring-security-kerberos-core:jar:1.0.1.RELEASE:compile,ASLv2,https://github.com/spring-projects/spring-security-kerberos
org.springframework.kafka:spring-kafka:jar:1.1.1.RELEASE:compile,ASLv2,https://github.com/spring-projects/spring-kafka
org.springframework.kafka:spring-kafka:jar:2.0.4.RELEASE:compile,ASLv2,https://github.com/spring-projects/spring-kafka
ch.hsr:geohash:jar:1.3.0:compile,ASLv2,https://github.com/kungfoo/geohash-java
org.locationtech.spatial4j:spatial4j:jar:0.6:compile,ASLv2,https://github.com/locationtech/spatial4j
com.github.luben:zstd-jni:jar:1.3.2-2:compile,BSD,https://github.com/luben/zstd-jni
com.github.spullara.mustache.java:compiler:jar:0.9.3:compile,ASLv2,https://github.com/spullara/mustache.java/blob/master/LICENSE
io.netty:netty-buffer:jar:4.1.13.Final:compile,ASLv2,http://netty.io/
io.netty:netty-codec-http:jar:4.1.13.Final:compile,ASLv2,http://netty.io/
io.netty:netty-codec:jar:4.1.13.Final:compile,ASLv2,http://netty.io/
io.netty:netty-common:jar:4.1.13.Final:compile,ASLv2,http://netty.io/
io.netty:netty-handler:jar:4.1.13.Final:compile,ASLv2,http://netty.io/
io.netty:netty:jar:3.10.6.Final:compile,ASLv2,http://netty.io/
io.netty:netty-resolver:jar:4.1.13.Final:compile,ASLv2,http://netty.io/
io.netty:netty-transport:jar:4.1.13.Final:compile,ASLv2,http://netty.io/
joda-time:joda-time:jar:2.9.5:compile,ASLv2,https://github.com/JodaOrg/joda-time
net.sf.jopt-simple:jopt-simple:jar:5.0.2:compile,The MIT License,http://jopt-simple.sourceforge.net
org.elasticsearch.client:elasticsearch-rest-client:jar:5.6.14:compile,ASLv2,https://github.com/elastic/elasticsearch/blob/master/LICENSE.txt
org.elasticsearch.client:transport:jar:5.6.14:compile,ASLv2,https://github.com/elastic/elasticsearch/blob/master/LICENSE.txt
org.elasticsearch:elasticsearch:jar:5.6.14:compile,ASLv2,https://github.com/elastic/elasticsearch/blob/master/LICENSE.txt
org.elasticsearch:jna:jar:4.4.0-1:compile,ASLv2,https://github.com/elastic/elasticsearch/blob/master/LICENSE.txt
org.elasticsearch.plugin:lang-mustache-client:jar:5.6.14:compile,ASLv2,https://github.com/elastic/elasticsearch/blob/master/LICENSE.txt
org.elasticsearch.plugin:parent-join-client:jar:5.6.14:compile,ASLv2,https://github.com/elastic/elasticsearch/blob/master/LICENSE.txt
org.elasticsearch.plugin:percolator-client:jar:5.6.14:compile,ASLv2,https://github.com/elastic/elasticsearch/blob/master/LICENSE.txt
org.elasticsearch.plugin:reindex-client:jar:5.6.14:compile,ASLv2,https://github.com/elastic/elasticsearch/blob/master/LICENSE.txt
org.elasticsearch.plugin:transport-netty3-client:jar:5.6.14:compile,ASLv2,https://github.com/elastic/elasticsearch/blob/master/LICENSE.txt
org.elasticsearch.plugin:transport-netty4-client:jar:5.6.14:compile,ASLv2,https://github.com/elastic/elasticsearch/blob/master/LICENSE.txt
org.elasticsearch:securesm:jar:1.1:compile,ASLv2,https://github.com/elastic/elasticsearch/blob/master/LICENSE.txt
org.hdrhistogram:HdrHistogram:jar:2.1.9:compile,BSD,https://github.com/HdrHistogram/HdrHistogram/blob/master/LICENSE.txt
com.trendmicro:tlsh:jar:3.7.1:compile,ASLv2,https://github.com/trendmicro/tlsh
org.glassfish:javax.json:jar:1.0.4:compile,Common Development and Distribution License (CDDL) v1.0,https://github.com/javaee/jsonp
org.glassfish.hk2.external:aopalliance-repackaged:jar:2.4.0-b34:compile,Common Development and Distribution License (CDDL) v1.0,https://github.com/javaee/hk2
org.glassfish.hk2.external:javax.inject:jar:2.4.0-b34:compile,Common Development and Distribution License (CDDL) v1.0,https://github.com/javaee/hk2
org.glassfish.hk2:hk2-api:jar:2.4.0-b34:compile,Common Development and Distribution License (CDDL) v1.0,https://github.com/javaee/hk2
org.glassfish.hk2:hk2-locator:jar:2.4.0-b34:compile,Common Development and Distribution License (CDDL) v1.0,https://github.com/javaee/hk2
org.glassfish.hk2:hk2-utils:jar:2.4.0-b34:compile,Common Development and Distribution License (CDDL) v1.0,https://github.com/javaee/hk2
org.glassfish.hk2:osgi-resource-locator:jar:1.0.1:compile,Common Development and Distribution License (CDDL) v1.0,https://github.com/javaee/hk2
org.glassfish.jersey.bundles.repackaged:jersey-guava:jar:2.22.2:compile
org.glassfish.jersey.containers:jersey-container-servlet-core:jar:2.22.2:compile
org.glassfish.jersey.containers:jersey-container-servlet:jar:2.22.2:compile
org.glassfish.jersey.core:jersey-client:jar:2.22.2:compile,EPL 2.0,https://github.com/eclipse-ee4j/jersey
org.glassfish.jersey.core:jersey-common:jar:2.22.2:compile,EPL 2.0,https://github.com/eclipse-ee4j/jersey
org.glassfish.jersey.core:jersey-server:jar:2.22.2:compile,EPL 2.0,https://github.com/eclipse-ee4j/jersey
org.glassfish.jersey.media:jersey-media-jaxb:jar:2.22.2:compile,EPL 2.0,https://github.com/eclipse-ee4j/jersey
org.eclipse.persistence:javax.persistence:jar:2.1.1:compile,EPL 1.0,http://www.eclipse.org/eclipselink
org.eclipse.persistence:org.eclipse.persistence.antlr:jar:2.6.4:compile,EPL 1.0,http://www.eclipse.org/eclipselink
org.eclipse.persistence:org.eclipse.persistence.asm:jar:2.6.4:compile,EPL 1.0,http://www.eclipse.org/eclipselink
org.eclipse.persistence:org.eclipse.persistence.core:jar:2.6.4:compile,EPL 1.0,http://www.eclipse.org/eclipselink
org.eclipse.persistence:org.eclipse.persistence.jpa.jpql:jar:2.6.4:compile,EPL 1.0,http://www.eclipse.org/eclipselink
org.eclipse.persistence:org.eclipse.persistence.jpa:jar:2.6.4:compile,EPL 1.0,http://www.eclipse.org/eclipselink
com.github.ben-manes.caffeine:caffeine:jar:2.6.2:compile,ASLv2,https://github.com/ben-manes/caffeine/blob/v2.6.2/LICENSE
com.google.code.gson:gson:jar:2.2:compile,ASLv2,https://github.com/google/gson
com.google.code.gson:gson:jar:2.8.2:compile,ASLv2,https://github.com/google/gson
org.codehaus.plexus:plexus-classworlds:jar:2.4:compile
org.codehaus.plexus:plexus-component-annotations:jar:1.5.5:compile
org.codehaus.plexus:plexus-interpolation:jar:1.14:compile
org.codehaus.plexus:plexus-utils:jar:2.0.7:compile
org.jsoup:jsoup:jar:1.6.1:compile
org.sonatype.aether:aether-api:jar:1.12:compile
org.sonatype.aether:aether-connector-file:jar:1.12:compile
org.sonatype.aether:aether-connector-wagon:jar:1.12:compile
org.sonatype.aether:aether-impl:jar:1.12:compile
org.sonatype.aether:aether-spi:jar:1.12:compile
org.sonatype.aether:aether-util:jar:1.12:compile
org.sonatype.sisu:sisu-guice:jar:no_aop:3.0.2:compile
org.sonatype.sisu:sisu-inject-bean:jar:2.2.2:compile
org.sonatype.sisu:sisu-inject-plexus:jar:2.2.2:compile
com.zaxxer:HikariCP:jar:2.7.8:compile,ASLv2,https://github.com/brettwooldridge/HikariCP
org.hibernate.validator:hibernate-validator:jar:6.0.9.Final:compile,ASLv2,https://github.com/hibernate/hibernate-validator
com.github.palindromicity:simple-syslog:jar:0.0.1:compile,ASLv2,https://github.com/palindromicity/simple-syslog
org.elasticsearch.client:elasticsearch-rest-high-level-client:jar:5.6.14:compile,ASLv2,https://github.com/elastic/elasticsearch/blob/master/LICENSE.txt
org.elasticsearch.plugin:aggs-matrix-stats-client:jar:5.6.14:compile,ASLv2,https://github.com/elastic/elasticsearch/blob/master/LICENSE.txt
org.fusesource.jansi:jansi:jar:1.16:compile,ASLv2,https://github.com/fusesource/jansi/blob/master/license.txt
com.vividsolutions:jts:jar:1.13:compile
joda-time:joda-time:jar:2.10:compile
org.elasticsearch:securesm:jar:1.2:compile
com.github.stephenc.jcip:jcip-annotations:jar:1.0-1:compile,ASLv2,http://stephenc.github.io/jcip-annotations/
com.nimbusds:nimbus-jose-jwt:jar:4.41.2:compile,ASLv2,https://bitbucket.org/connect2id/nimbus-jose-jwt/wiki/Home

